{"Adams County": {"UB LW": 27.1, "LB LW": 13.29}, "Alexander County": {"UB LW": 26.53, "LB LW": 13.15}, "Bond County": {"UB LW": 27.8, "LB LW": 13.36}, "Boone County": {"UB LW": 31.59, "LB LW": 14.28}, "Brown County": {"UB LW": 28.44, "LB LW": 13.85}, "Bureau County": {"UB LW": 27.24, "LB LW": 13.16}, "Calhoun County": {"UB LW": 28.06, "LB LW": 13.77}, "Carroll County": {"UB LW": 25.25, "LB LW": 12.75}, "Cass County": {"UB LW": 27.67, "LB LW": 13.34}, "Champaign County": {"UB LW": 27.91, "LB LW": 14.19}, "Christian County": {"UB LW": 26.77, "LB LW": 13.15}, "Clark County": {"UB LW": 27.65, "LB LW": 13.02}, "Clay County": {"UB LW": 26.19, "LB LW": 13.08}, "Clinton County": {"UB LW": 28.83, "LB LW": 13.88}, "Coles County": {"UB LW": 26.29, "LB LW": 13.11}, "Cook County": {"UB LW": 32.43, "LB LW": 15.96}, "Crawford County": {"UB LW": 26.53, "LB LW": 13.08}, "Cumberland County": {"UB LW": 26.91, "LB LW": 13.05}, "DeKalb County": {"UB LW": 31.93, "LB LW": 14.78}, "De Witt County": {"UB LW": 26.17, "LB LW": 13.19}, "Douglas County": {"UB LW": 27.9, "LB LW": 13.4}, "DuPage County": {"UB LW": 36.0, "LB LW": 16.39}, "Edgar County": {"UB LW": 27.09, "LB LW": 13.06}, "Edwards County": {"UB LW": 25.56, "LB LW": 12.93}, "Effingham County": {"UB LW": 27.1, "LB LW": 13.28}, "Fayette County": {"UB LW": 27.28, "LB LW": 13.09}, "Ford County": {"UB LW": 27.9, "LB LW": 14.14}, "Franklin County": {"UB LW": 26.6, "LB LW": 13.21}, "Fulton County": {"UB LW": 27.35, "LB LW": 13.33}, "Gallatin County": {"UB LW": 26.95, "LB LW": 13.28}, "Greene County": {"UB LW": 25.88, "LB LW": 12.9}, "Grundy County": {"UB LW": 33.43, "LB LW": 15.35}, "Hamilton County": {"UB LW": 28.21, "LB LW": 13.18}, "Hancock County": {"UB LW": 25.47, "LB LW": 12.71}, "Hardin County": {"UB LW": 26.96, "LB LW": 12.92}, "Henderson County": {"UB LW": 25.39, "LB LW": 12.6}, "Henry County": {"UB LW": 27.83, "LB LW": 13.46}, "Iroquois County": {"UB LW": 27.16, "LB LW": 13.25}, "Jackson County": {"UB LW": 25.89, "LB LW": 13.09}, "Jasper County": {"UB LW": 25.82, "LB LW": 13.05}, "Jefferson County": {"UB LW": 27.31, "LB LW": 13.2}, "Jersey County": {"UB LW": 28.83, "LB LW": 13.9}, "Jo Daviess County": {"UB LW": 26.27, "LB LW": 13.1}, "Johnson County": {"UB LW": 27.49, "LB LW": 12.9}, "Kane County": {"UB LW": 35.87, "LB LW": 16.42}, "Kankakee County": {"UB LW": 29.52, "LB LW": 14.07}, "Kendall County": {"UB LW": 38.08, "LB LW": 16.54}, "Knox County": {"UB LW": 26.08, "LB LW": 13.06}, "Lake County": {"UB LW": 34.5, "LB LW": 16.02}, "LaSalle County": {"UB LW": 27.78, "LB LW": 13.4}, "Lawrence County": {"UB LW": 26.22, "LB LW": 12.98}, "Lee County": {"UB LW": 26.64, "LB LW": 13.11}, "Livingston County": {"UB LW": 27.08, "LB LW": 13.14}, "Logan County": {"UB LW": 26.94, "LB LW": 13.15}, "Macon County": {"UB LW": 26.55, "LB LW": 13.23}, "Macoupin County": {"UB LW": 27.48, "LB LW": 13.15}, "Madison County": {"UB LW": 29.97, "LB LW": 14.14}, "Marion County": {"UB LW": 26.69, "LB LW": 13.08}, "Marshall County": {"UB LW": 28.31, "LB LW": 13.66}, "Mason County": {"UB LW": 27.62, "LB LW": 13.14}, "Massac County": {"UB LW": 27.91, "LB LW": 13.54}, "McDonough County": {"UB LW": 24.78, "LB LW": 12.94}, "McHenry County": {"UB LW": 35.6, "LB LW": 16.15}, "McLean County": {"UB LW": 29.46, "LB LW": 13.93}, "Menard County": {"UB LW": 28.65, "LB LW": 13.47}, "Mercer County": {"UB LW": 27.73, "LB LW": 13.37}, "Monroe County": {"UB LW": 30.45, "LB LW": 14.0}, "Montgomery County": {"UB LW": 26.57, "LB LW": 13.08}, "Morgan County": {"UB LW": 26.45, "LB LW": 13.07}, "Moultrie County": {"UB LW": 28.31, "LB LW": 13.63}, "Ogle County": {"UB LW": 28.96, "LB LW": 13.69}, "Peoria County": {"UB LW": 27.75, "LB LW": 13.65}, "Perry County": {"UB LW": 27.42, "LB LW": 13.27}, "Piatt County": {"UB LW": 29.09, "LB LW": 14.05}, "Pike County": {"UB LW": 25.79, "LB LW": 12.95}, "Pope County": {"UB LW": 24.41, "LB LW": 12.77}, "Pulaski County": {"UB LW": 26.68, "LB LW": 13.38}, "Putnam County": {"UB LW": 27.08, "LB LW": 13.06}, "Randolph County": {"UB LW": 27.36, "LB LW": 13.2}, "Richland County": {"UB LW": 27.1, "LB LW": 13.3}, "Rock Island County": {"UB LW": 27.76, "LB LW": 13.54}, "Saline County": {"UB LW": 27.52, "LB LW": 13.22}, "Sangamon County": {"UB LW": 27.7, "LB LW": 13.55}, "Schuyler County": {"UB LW": 26.0, "LB LW": 12.85}, "Scott County": {"UB LW": 26.34, "LB LW": 12.79}, "Shelby County": {"UB LW": 26.99, "LB LW": 13.12}, "Stark County": {"UB LW": 27.52, "LB LW": 13.54}, "St. Clair County": {"UB LW": 29.07, "LB LW": 14.11}, "Stephenson County": {"UB LW": 25.99, "LB LW": 12.91}, "Tazewell County": {"UB LW": 28.89, "LB LW": 13.7}, "Union County": {"UB LW": 27.18, "LB LW": 13.02}, "Vermilion County": {"UB LW": 27.24, "LB LW": 13.32}, "Wabash County": {"UB LW": 27.55, "LB LW": 13.22}, "Warren County": {"UB LW": 26.39, "LB LW": 13.0}, "Washington County": {"UB LW": 27.4, "LB LW": 13.17}, "Wayne County": {"UB LW": 25.89, "LB LW": 12.96}, "White County": {"UB LW": 25.85, "LB LW": 12.93}, "Whiteside County": {"UB LW": 27.96, "LB LW": 13.39}, "Will County": {"UB LW": 34.88, "LB LW": 16.14}, "Williamson County": {"UB LW": 27.61, "LB LW": 13.4}, "Winnebago County": {"UB LW": 28.78, "LB LW": 13.76}, "Woodford County": {"UB LW": 29.71, "LB LW": 13.81}}